epoch,time,train/box_loss,train/cls_loss,train/dfl_loss,metrics/precision(B),metrics/recall(B),metrics/mAP50(B),metrics/mAP50-95(B),val/box_loss,val/cls_loss,val/dfl_loss,lr/pg0,lr/pg1,lr/pg2
1,10.8073,2.47753,3.29564,2.63957,0.00167,0.5,0.00773,0.00367,2.25287,4.62991,2.99886,6e-05,6e-05,6e-05
2,20.3374,2.33639,3.18761,2.47921,0.00167,0.5,0.04133,0.02351,1.91946,5.12573,2.59972,0.000137228,0.000137228,0.000137228
3,30.5461,2.06705,3.14581,2.3992,0.0025,0.75,0.25956,0.03253,2.64154,5.44149,2.77821,0.000211288,0.000211288,0.000211288
4,40.4529,2.20672,3.11958,2.37332,0.00167,0.5,0.02415,0.00728,2.99337,6.12479,2.83682,0.00028218,0.00028218,0.00028218
5,50.7688,2.09662,2.83638,2.24474,0.00167,0.5,0.01303,0.00472,2.82788,5.63373,2.845,0.000349904,0.000349904,0.000349904
6,60.471,2.104,2.87425,2.20911,0.0025,0.75,0.03669,0.00612,3.02261,5.18623,3.25137,0.00041446,0.00041446,0.00041446
7,69.9829,2.01449,2.77229,2.13775,0.0025,0.75,0.06041,0.00972,3.04217,4.97246,3.35072,0.000475848,0.000475848,0.000475848
8,79.4472,2.04741,2.8078,2.16927,0.0025,0.75,0.02645,0.00481,3.17054,5.25329,3.06895,0.000534068,0.000534068,0.000534068
9,89.4889,2.11158,2.94782,2.27047,0.00167,0.5,0.00402,0.00083,3.52484,5.31595,3.66583,0.00058912,0.00058912,0.00058912
10,98.8824,1.99412,2.64906,2.16411,0.00167,0.5,0.00302,0.00108,3.45146,5.56387,3.60371,0.000641004,0.000641004,0.000641004
11,108.088,1.78712,2.85716,2.14366,0.00167,0.5,0.00546,0.00161,3.46456,4.90698,3.50241,0.00068972,0.00068972,0.00068972
12,117.637,1.92053,2.71979,2.10264,0.0025,0.75,0.02673,0.00416,3.06988,4.48581,3.26992,0.000735268,0.000735268,0.000735268
13,126.728,2.0054,2.67728,2.23059,0.0025,0.75,0.03123,0.00731,2.91145,4.5657,2.91217,0.000777648,0.000777648,0.000777648
14,135.722,1.7905,2.57824,2.04969,0.00167,0.5,0.14143,0.01838,3.41327,4.88191,3.68926,0.00081686,0.00081686,0.00081686
15,144.675,1.96259,2.57505,2.15492,0.00348,0.5,0.14173,0.02426,3.47314,5.22398,4.09747,0.000852904,0.000852904,0.000852904
16,153.798,1.95948,2.75947,2.13347,0.00348,0.5,0.14173,0.02426,3.47314,5.22398,4.09747,0.00088578,0.00088578,0.00088578
17,163.55,1.79594,2.57476,2.04963,0.00083,0.25,0.02722,0.00986,3.33069,5.87233,3.93548,0.000915488,0.000915488,0.000915488
18,172.661,1.81035,2.62587,2.01043,0.00167,0.5,0.02389,0.00455,3.6095,7.59844,4.08137,0.000942028,0.000942028,0.000942028
19,181.703,1.84004,2.49349,2.03125,0.00167,0.5,0.02389,0.00455,3.6095,7.59844,4.08137,0.0009654,0.0009654,0.0009654
20,190.878,1.65409,2.5357,1.89168,0.00167,0.5,0.00795,0.00194,3.64118,6.11582,4.47931,0.000985604,0.000985604,0.000985604
21,199.936,1.7996,2.63856,2.0243,0.00167,0.5,0.00475,0.00119,3.42578,6.52617,4.22728,0.00100264,0.00100264,0.00100264
22,209.856,1.74328,2.57319,2.02555,0.00167,0.5,0.00475,0.00119,3.42578,6.52617,4.22728,0.00101651,0.00101651,0.00101651
23,219.251,1.79746,2.39012,1.88547,0.00167,0.5,0.02063,0.00371,3.00545,6.18028,3.76575,0.00102721,0.00102721,0.00102721
24,228.275,1.86354,2.5792,2.02737,0.00167,0.5,0.02063,0.00371,3.00545,6.18028,3.76575,0.00103474,0.00103474,0.00103474
25,237.328,1.73652,2.46842,1.99381,0.02148,0.5,0.04304,0.01423,2.73557,6.01135,3.49036,0.0010391,0.0010391,0.0010391
26,246.172,1.74702,2.53486,1.97555,0.02148,0.5,0.04304,0.01423,2.73557,6.01135,3.49036,0.00101,0.00101,0.00101
27,255.18,1.75066,2.4767,1.9637,0.60263,0.40395,0.41242,0.1534,2.21947,4.12337,3.4451,0.0009704,0.0009704,0.0009704
28,264.369,1.79523,2.62661,1.9877,0.60263,0.40395,0.41242,0.1534,2.21947,4.12337,3.4451,0.0009308,0.0009308,0.0009308
29,274.387,1.79529,2.39969,1.92158,0.13361,0.25,0.10467,0.05466,1.99872,4.17042,2.50675,0.0008912,0.0008912,0.0008912
30,283.939,1.70771,2.31945,1.93768,0.13361,0.25,0.10467,0.05466,1.99872,4.17042,2.50675,0.0008516,0.0008516,0.0008516
31,293.046,1.73796,2.51324,1.98128,0.1015,0.5,0.08131,0.02457,1.90837,3.67146,2.44089,0.000812,0.000812,0.000812
32,302.024,1.80582,2.39456,1.97655,0.1015,0.5,0.08131,0.02457,1.90837,3.67146,2.44089,0.0007724,0.0007724,0.0007724
33,311.094,1.75789,2.42732,1.91145,0.0025,0.75,0.01874,0.01018,2.32555,3.95361,2.79066,0.0007328,0.0007328,0.0007328
34,319.938,1.58407,2.20347,1.79198,0.0025,0.75,0.01874,0.01018,2.32555,3.95361,2.79066,0.0006932,0.0006932,0.0006932
35,329.064,1.59737,2.32773,1.82121,0.07238,0.5,0.05182,0.00798,2.86069,4.16183,3.10272,0.0006536,0.0006536,0.0006536
36,338.073,1.70222,2.2899,1.93191,0.07238,0.5,0.05182,0.00798,2.86069,4.16183,3.10272,0.000614,0.000614,0.000614
37,347.363,1.61005,2.25031,1.82121,0.09219,0.25,0.08771,0.01646,2.6683,4.73428,3.10129,0.0005744,0.0005744,0.0005744
38,356.192,1.70618,2.2299,1.9007,0.09219,0.25,0.08771,0.01646,2.6683,4.73428,3.10129,0.0005348,0.0005348,0.0005348
39,365.202,1.68474,2.44029,1.90885,0.09559,0.5,0.07286,0.01477,2.57689,4.71177,2.92747,0.0004952,0.0004952,0.0004952
40,374.168,1.6395,2.42667,1.89481,0.09559,0.5,0.07286,0.01477,2.57689,4.71177,2.92747,0.0004556,0.0004556,0.0004556
41,383.784,1.65736,2.66122,2.03058,0.08151,0.25,0.06292,0.01755,2.64716,3.86416,2.89362,0.000416,0.000416,0.000416
42,394.665,1.68027,2.60364,2.01892,0.08151,0.25,0.06292,0.01755,2.64716,3.86416,2.89362,0.0003764,0.0003764,0.0003764
43,404.625,1.77429,2.72667,2.1318,0.15703,0.25,0.10456,0.02854,2.69637,3.8675,2.95341,0.0003368,0.0003368,0.0003368
44,505.897,1.6894,2.67259,1.97576,0.15703,0.25,0.10456,0.02854,2.69637,3.8675,2.95341,0.0002972,0.0002972,0.0002972
45,515.275,1.60504,2.56566,1.94729,0.13042,0.25,0.09639,0.02823,2.60591,3.89428,2.85108,0.0002576,0.0002576,0.0002576
46,524.557,1.61855,2.52405,1.85615,0.13042,0.25,0.09639,0.02823,2.60591,3.89428,2.85108,0.000218,0.000218,0.000218
47,533.817,1.66643,2.62465,2.099,0.16488,0.25,0.11297,0.02878,2.50979,4.11074,2.81025,0.0001784,0.0001784,0.0001784
48,543.397,1.54625,2.3659,1.80463,0.16488,0.25,0.11297,0.02878,2.50979,4.11074,2.81025,0.0001388,0.0001388,0.0001388
49,552.757,1.47579,2.53799,1.78209,0.13864,0.25,0.09804,0.02769,2.51964,3.82883,2.83503,9.92e-05,9.92e-05,9.92e-05
50,561.718,1.58197,2.44116,2.0052,0.13864,0.25,0.09804,0.02769,2.51964,3.82883,2.83503,5.96e-05,5.96e-05,5.96e-05
